0.0,0.0
-5.896823067454211,0.6240024410004456
-4.960819405953543,7.706430146355503
-5.7408224572041,2.995211716802139
-8.20563209915586,8.517633319656083
-0.3432013425502451,0.37440146460026735
-2.496009764001782,0.7176028071505125
-5.023219650053587,7.737630268405526
-8.174431977105838,8.48643319760606
-0.5304020748503787,0.8112031733005793
-3.55681391370254,7.831230634555593
-6.271224532054478,1.7160067127512255
-8.236832221205882,7.9560311227556815
-0.6240024410004456,8.080831610955771
-7.737630268405526,8.61123368580615
-7.893630878655637,5.148020138253676
-8.455233075556038,5.61602196900401
-8.580033563756126,8.018431366855726
-0.6240024410004456,8.36163270940597
-9.235236126806594,8.704834051956217
-2.995211716802139,-0.8424032953506015
-0.6864026851004902,-0.6552025630504679
-2.433609519901738,0.7488029292005347
-7.987231244805704,5.116820016203654
-9.516037225256795,5.1792202603036985
-3.7128145239526513,5.304020748503787
-5.116820016203654,2.0592080553014704
-9.079235516556484,6.458425264354612
-6.895226973054924,8.080831610955771
-0.4680018307503342,-1.0296040276507352
-3.120012205002228,-0.9672037835506907
-3.369613181402406,-0.9048035394506462
-2.527209886051805,1.3104051261009357
-4.180816354702985,3.931215378302807
-6.770426484854835,5.241620504403743
-8.080831610955771,5.304020748503787
-9.672037835506908,5.7408224572041
-6.770426484854835,7.9560311227556815
-1.341605248150958,-0.8736034174006239
-3.3072129373023618,-2.3712092758016934
-3.369613181402406,-0.8736034174006239
-2.558410008101827,1.7160067127512255
-9.672037835506908,5.304020748503787
-8.299232465305927,5.709622335154077
-5.148020138253676,5.7408224572041
-9.453636981156752,6.146424043854389
-1.560006102501114,-2.0904081773514926
-4.836018917753454,-1.9656076891514036
-3.4632135475524732,1.216804759950869
-6.427225142304589,3.369613181402406
-4.960819405953543,-1.9656076891514036
-1.5912062245511363,-1.77840695685127
-3.681614401902629,1.3728053702009804
-10.171239788307263,6.271224532054478
-2.46480964195176,-1.0296040276507352
-3.8376150121527406,-3.3072129373023618
-2.87041122860205,3.4632135475524732
-8.517633319656083,6.583225752554701
-5.834422823354166,-5.0856198941536315
-3.1824124491022725,-2.3712092758016934
-3.026411838852161,0.03120012205002228
-3.6192141578025847,1.3728053702009804
-4.7736186736534085,1.8720073230013368
-7.176028071505124,-6.146424043854389
-3.432013425502451,-1.9032074450513592
-4.742418551603387,-1.77840695685127
-5.428821236703877,-1.7160067127512255
-3.026411838852161,2.558410008101827
-6.583225752554701,3.338413059352384
-9.328836492956661,-6.146424043854389
-9.016835272456438,-6.0216235556543
-3.9624155003528294,-1.123204393800802
-2.995211716802139,2.683210496301916
-9.828038445757018,-6.084023799754345
-11.23204393800802,-6.0216235556543
-9.110435638606505,-5.7408224572041
-3.8064148901027184,-0.8736034174006239
-3.1824124491022725,2.8392111065520274
-7.456829169955325,3.369613181402406
-12.792050040509135,-7.488029292005347
-12.0432471113086,-6.895226973054924
-10.296040276507352,-6.770426484854835
-11.107243449807932,-5.7408224572041
-4.4616174531531865,-0.8424032953506015
-3.2448126932023174,2.3088090317016485
-7.269628437655191,3.1824124491022725
-11.980846867208555,-6.957627217154968
-2.87041122860205,-1.4040054922510026
-4.64881818545332,-0.7488029292005347
-3.55681391370254,-0.5928023189504233
-3.2760128152523396,-0.5928023189504233
-3.900015256252785,3.1512123270522503
-16.41126419831172,-7.6440299022554585
-15.974462489611408,-7.207228193555147
-15.100859072210783,-7.082427705355058
-5.803222701304144,-2.433609519901738
-5.210420382353721,-0.9360036615006684
-3.432013425502451,-0.561602196900401
-4.212016476753008,2.121608299401515
-7.5504295361053915,2.87041122860205
-8.798434418106282,5.116820016203654
-17.160067127512253,-8.174431977105838
-16.504864564461787,-7.80003051250557
-16.81686578496201,-7.6440299022554585
-18.22087127721301,-7.363228803805258
-15.849662001411318,-7.051227583305035
-5.366420992603832,-0.9672037835506907
-4.430417331103164,2.0280079332514482
-8.580033563756126,4.804818795703431
-19.780877379714127,-8.36163270940597
-19.000874328463567,-8.36163270940597
-17.066466761362186,-7.207228193555147
-4.617618063403297,-1.3104051261009357
-5.553621724903966,-1.1856046379008467
-4.555217819303253,2.0592080553014704
-8.548833441706105,4.836018917753454
-11.824846256958445,7.6440299022554585
-26.457703498418894,18.43927213156317
-19.749677257664104,-8.143231855055815
-18.87607384026348,-8.080831610955771
-20.935281895564952,-7.862430756605614
-4.524017697253231,-1.2792050040509135
-4.368017087003119,1.9032074450513592
-8.61123368580615,4.711218429553364
-11.824846256958445,7.5504295361053915
-27.48730752606963,18.127270911062944
-26.42650337636887,18.782473474113413
3.8064148901027184,25.17849849436798
-20.935281895564952,-8.798434418106282
-23.43129165956673,-8.174431977105838
-22.651288608316175,-7.862430756605614
-22.807289218566286,-7.768830390455547
-20.935281895564952,-7.768830390455547
-5.803222701304144,-2.2776089096516263
-3.026411838852161,-1.9656076891514036
-4.617618063403297,-1.248004882000891
-4.680018307503342,1.684806590701203
-8.580033563756126,4.492817575203208
-9.952838933957107,6.6144258746047235
-11.200843815957999,7.51922941405537
-27.51850764811965,18.096070789012924
-26.457703498418894,18.59527274181328
30.794520463371992,19.125674816663658
-27.050505817369316,19.43767603716388
3.55681391370254,24.9288975179678
30.76332034132197,45.489777948932485
-71.35467912840096,53.664209926038325
-24.024093978517154,-7.675230024305481
-22.651288608316175,-7.675230024305481
-2.9640115947521166,-1.216804759950869
-4.804818795703431,0.9048035394506462
-5.990423433604278,1.435205614301025
-8.76723429605626,4.524017697253231
-11.138443571857954,7.51922941405537
-27.51850764811965,18.158471033112967
-26.457703498418894,18.87607384026348
-27.050505817369316,19.531276403313946
3.868815134202763,25.521699836918224
29.57771570342112,35.13133742832509
-86.45553820061174,36.1297413339258
33.10332949507364,36.722543652876226
31.668123880772615,38.15774926717725
22.9632898288164,38.65695121997761
31.231322172072304,39.06255280662789
20.52968030891466,40.65375903117903
29.796116557771278,40.93456012962923
25.490499714868204,42.244965255730165
29.234514360870875,42.4321659880303
33.10332949507364,43.30576940543092
29.92091704597137,44.803375263831995
32.323326443823085,44.86577550793204
33.10332949507364,46.08258026788291
24.741696785667667,52.2290043117373
-25.95850154561854,-7.893630878655637
-23.992893856467134,-7.612829780205437
-24.804097029767714,-7.51922941405537
-2.995211716802139,-1.4976058584010694
-4.336816964953097,-1.2792050040509135
-11.107243449807932,7.39442892585528
-27.51850764811965,18.50167237566321
-26.457703498418894,18.688873107963346
-27.175306305569407,19.43767603716388
4.0560158665028965,25.677700447168338
33.072129373023614,34.4449347432246
32.9161287627735,37.315345971826645
28.4233111875703,38.81295183022772
14.63285724146045,49.20259247288514
29.57771570342112,50.107396012335784
25.053698006167892,50.35699698873596
23.68089263596691,50.63779808718616
26.64490423071903,50.668998209236186
6.396025020254568,50.94979930768638
18.43927213156317,51.261800528186605
-85.02033258631072,51.48020138253676
-81.05791708595788,52.54100553223752
-11.294444182108066,53.10260772913792
-25.677700447168338,-7.768830390455547
-27.580907892219695,-7.706430146355503
-28.45451130962032,-7.675230024305481
-2.995211716802139,0.06240024410004456
-10.10883954420722,6.427225142304589
-11.107243449807932,7.363228803805258
-27.580907892219695,18.59527274181328
-26.488903620468918,18.72007323001337
21.684084824765485,20.592080553014704
3.7128145239526513,25.240898738468026
-27.674508258369762,-8.143231855055815
-28.4233111875703,-7.488029292005347
-29.17211411677083,-7.207228193555147
-2.995211716802139,0.1560006102501114
-5.241620504403743,0.7488029292005347
-8.455233075556038,4.399217209053141
29.608915825471144,5.896823067454211
-10.202439910357286,6.333624776154523
31.012921317722146,7.238428315605169
-11.107243449807932,7.363228803805258
23.899293490317067,7.456829169955325
31.60572363667257,7.893630878655637
28.704112286020496,8.736034174006239
21.122482627865082,8.923234906306373
18.782473474113413,8.954435028356395
24.429695565167446,9.110435638606505
10.233640032407308,9.235236126806594
17.347267859812387,9.266436248856618
24.835297151817734,9.516037225256795
-10.576841374957553,9.57843746935684
23.056890194966464,9.921638811907085
21.122482627865082,10.077639422157196
17.971270300812833,10.140039666257241
27.39370715991956,10.140039666257241
14.164855410710116,11.107243449807932
21.590484458615418,11.107243449807932
21.74648506886553,11.606445402608289
29.57771570342112,11.949646745158534
26.832104963019162,12.012046989258577
24.0864942226172,12.074447233358622
20.68568091916477,12.16804759950869
32.97852900687355,12.230447843608735
28.57931179782041,12.417648575908867
19.56247652536397,12.542449064108956
25.053698006167892,12.57364918615898
32.0737254674229,12.57364918615898
26.457703498418894,12.636049430259023
16.629665052661874,12.823250162559157
29.85851680187132,13.010450894859291
32.44812693202317,13.041651016909313
19.624876769464013,13.166451505109402
22.401687631915998,13.228851749209447
20.404879820714573,13.384852359459558
31.137721805922236,13.384852359459558
23.899293490317067,13.915254434309936
25.552899958968247,13.94645455635996
20.90408177351493,13.977654678409982
29.296914604970922,14.10245516661007
24.33609519901738,14.352056143010248
29.796116557771278,14.445656509160315
21.74648506886553,14.695257485560495
12.823250162559157,15.100859072210783
25.58410008101827,15.163259316310828
30.264118388521613,15.163259316310828
21.71528494681551,15.568860902961118
31.48092314847248,15.849662001411318
26.364103132268827,15.880862123461341
22.276887143715907,16.00566261166143
25.02249788411787,16.192863343961562
29.328114727020942,16.41126419831172
26.58250398661898,16.660865174711898
32.69772790842335,18.096070789012924
-27.61210801426972,18.43927213156317
-26.488903620468918,18.938474084363524
-27.144106183519384,19.40647591511386
-29.5465155813711,21.77768519091555
-30.732120219271945,23.025690072916444
3.8376150121527406,25.45929959281818
-0.6240024410004456,28.828912774220587
25.490499714868204,37.159345361576534
-85.08273283041076,38.90655219637778
19.000874328463567,41.77696342497983
-73.47628742780248,43.36816964953097
20.90408177351493,44.46017392128175
26.052101911768602,44.61617453153186
18.907273962313504,45.45857782688246
24.679296541567624,45.61457843713257
28.111309967070074,45.67697868123262
15.943262367561385,46.23858087813302
29.640115947521167,46.488181854533195
32.479327054073195,46.73778283093338
18.127270911062944,47.268184905783755
19.31287554896379,47.29938502783378
28.73531240807052,47.424185516033866
29.328114727020942,47.73618673653409
33.072129373023614,47.954587590884245
29.608915825471144,48.640990275984734
13.072851138959335,48.76579076418482
-81.33871818440808,49.046591862635026
15.693661391161207,49.23379259493516
26.176902399968693,49.35859308313525
33.009729128923574,49.38979320518527
-81.74431977105837,49.639394181585445
-86.04993661396145,49.76419466978554
20.716881041214794,49.79539479183556
30.6697199751719,49.79539479183556
5.678422213104055,49.95139540208567
33.10332949507364,50.04499576823574
24.49209580926749,50.13859613438581
28.57931179782041,50.45059735488603
32.97852900687355,50.51299759898607
31.761724246922682,50.7001983312862
18.564072619763255,50.79379869743627
29.70251619162121,50.91859918563636
-85.8315357596113,50.94979930768638
-77.59470353840541,50.98099942973641
-72.75868462065196,51.105799917936494
32.44812693202317,51.54260162663681
28.641712041920453,51.6674021148369
-75.0674936523536,51.69860223688692
29.328114727020942,51.82340272508701
8.049631488905748,51.85460284713703
31.48092314847248,52.041803579437165
-85.64433502731116,52.41620504403743
16.69206529676192,52.44740516608746
31.917724857172793,52.85300675273774
-74.10028986880292,52.977807240937835
14.289655898910205,53.040207485037875
12.105647355408644,53.6330098039883
29.01611350652072,53.726610170138365
15.662461269111185,53.75781029218839
29.92091704597137,53.75781029218839
-29.234514360870875,-7.11362782740508
-31.231322172072304,-6.770426484854835
-4.336816964953097,-0.43680170870031193
-10.140039666257241,6.177624165904412
-11.325644304158088,7.269628437655191
-32.635327664323306,-7.39442892585528
-31.106521683872213,-6.583225752554701
-5.896823067454211,-1.0296040276507352
-4.555217819303253,-0.4992019528003565
-9.734438079606951,6.396025020254568
-11.7624460128584,6.801626606904857
-33.75853205812411,-6.9264270951049465
-31.980125101272836,-6.708026240754791
-2.9640115947521166,-0.43680170870031193
-6.957627217154968,2.246408787601604
-9.734438079606951,6.177624165904412
-10.701641863157642,6.427225142304589
-11.4816449144082,7.082427705355058
-27.799308746569853,18.376871887463125
-26.738504596869095,18.43927213156317
22.370487509865974,51.199400284086565
0.8424032953506015,53.726610170138365
27.019305695319293,53.75781029218839
-33.852132424274174,-6.988827339204991
-33.852132424274174,-6.146424043854389
-35.25613791652518,-5.772022579254122
-3.7440146460026735,-2.1840085435015597
-2.995211716802139,-0.4680018307503342
-9.547237347306817,6.988827339204991
-35.22493779447515,-5.553621724903966
-37.12814523952651,-4.992019528003564
-36.410542432376,-4.992019528003564
-2.9328114727020944,-0.4680018307503342
-3.900015256252785,-1.8720073230013368
-9.609637591406862,6.084023799754345
-10.982442961607843,6.864026851004902
-11.23204393800802,6.5208255084546565
-27.986509478869987,18.314471643363078
-38.43855036562745,-5.678422213104055
-37.783347802576984,-4.992019528003564
-36.9721446292764,-4.867219039803476
-3.338413059352384,-0.4680018307503342
-9.235236126806594,6.115223921804367
-28.20491033322014,18.314471643363078
-37.68974743642691,-4.804818795703431
-4.24321659880303,-0.5304020748503787
-8.923234906306373,6.0216235556543
-40.15455707837867,-3.2448126932023174
-5.304020748503787,-0.780003051250557
-3.8064148901027184,-0.4992019528003565
-8.985635150406416,5.896823067454211
-40.59135878707899,-2.776810862451983
-5.1792202603036985,-0.8424032953506015
-3.650414279852607,-0.4992019528003565
-6.240024410004456,0.24960097640017825
-9.048035394506462,5.1792202603036985
-41.52736244857965,-3.369613181402406
-43.39936977158099,-2.5896101301518493
-42.1513648895801,-2.1528084214515375
-42.80656745263057,-2.0592080553014704
-3.026411838852161,-0.43680170870031193
-6.115223921804367,0.6240024410004456
-6.645625996654745,2.6520103742518937
-28.236110455270165,18.283271521313058
-44.179372822831546,-1.9032074450513592
-42.712967086480504,-1.8720073230013368
-44.46017392128175,-1.1544045158508243
-44.86577550793204,-1.0608041497007574
-3.0576119609021837,-0.43680170870031193
-6.052823677704322,0.8112031733005793
-8.736034174006239,4.898419161853498
-44.30417331103164,-1.684806590701203
-2.901611350652072,-0.37440146460026735
-44.24177306693159,-0.12480048820008913
-4.7736186736534085,0.06240024410004456
-5.553621724903966,0.5304020748503787
-5.959223311554256,0.9672037835506907
-28.267310577320185,18.252071399263034
-45.27137709458233,-0.3120012205002228
-45.95777977968282,0.03120012205002228
-45.39617758278242,0.12480048820008913
-2.9328114727020944,0.2808010984502005
-5.5848218469539885,0.7488029292005347
-5.241620504403743,1.123204393800802
-46.55058209863324,1.1544045158508243
-26.769704718919115,18.50167237566321
-28.29851069937021,18.564072619763255
-5.678422213104055,-2.215208665551582
-2.901611350652072,0.37440146460026735
-5.241620504403743,1.0920042717507799
-45.9265796576328,1.4976058584010694
-6.396025020254568,2.7144106183519385
-26.894505207119206,18.252071399263034
-28.36091094347025,18.50167237566321
-27.331306915819518,19.43767603716388
2.433609519901738,24.741696785667667
-5.522421602853943,-2.0904081773514926
-47.58018612628398,0.5304020748503787
-2.87041122860205,1.0608041497007574
-46.92498356323351,2.0280079332514482
-5.7408224572041,2.1528084214515375
-48.42258942163458,2.558410008101827
-6.302424654104501,3.088812082952206
-6.9264270951049465,3.681614401902629
-26.832104963019162,18.376871887463125
-26.95690545121925,19.43767603716388
2.46480964195176,24.835297151817734
3.2136125711522947,26.364103132268827
3.900015256252785,26.457703498418894
-2.901611350652072,3.1512123270522503
-48.14178832318438,3.7752147680526957
2.5896101301518493,24.835297151817734
-5.5848218469539885,-2.0592080553014704
-2.808010984502005,3.2136125711522947
-6.864026851004902,4.212016476753008
-48.98419161853498,4.7736186736534085
-26.80090484096914,18.59527274181328
-26.894505207119206,19.468876159213902
2.6208102522018715,24.9288975179678
4.399217209053141,26.42650337636887
2.8392111065520274,26.64490423071903
-5.61602196900401,-1.9656076891514036
-2.776810862451983,2.995211716802139
-6.676826118704768,4.305616842903075
-50.668998209236186,4.992019528003564
-49.38979320518527,5.678422213104055
-10.982442961607843,5.709622335154077
-26.894505207119206,18.50167237566321
-27.36250703786954,19.68727701356406
3.369613181402406,24.6480964195176
2.6208102522018715,24.89769739591778
4.4616174531531865,26.58250398661898
-82.18112147975869,35.81774011342558
-5.33522087055381,-1.8096070789012924
-2.8392111065520274,2.9328114727020944
-6.489625386404635,4.118416110602941
-50.13859613438581,6.115223921804367
-51.355400894336675,6.6144258746047235
-26.95690545121925,19.468876159213902
4.336816964953097,26.301702888168784
-5.0856198941536315,-1.7472068348012477
-2.776810862451983,2.1528084214515375
-5.990423433604278,2.87041122860205
-7.581629658155414,6.2088242879544335
-51.32420077228665,6.676826118704768
-51.729802358936944,7.862430756605614
-26.894505207119206,18.252071399263034
4.399217209053141,26.020901789718582
3.8064148901027184,26.14570227791867
3.338413059352384,26.613704108669005
-5.33522087055381,-1.6224063466011587
-3.338413059352384,1.3104051261009357
-5.1792202603036985,2.8392111065520274
-6.708026240754791,4.492817575203208
-51.69860223688692,8.424032953506016
-52.54100553223752,9.204036004756572
3.4008133034524284,24.61689629746758
2.808010984502005,26.55130386456896
-4.212016476753008,-1.5288059804510918
-3.120012205002228,2.4024093978517156
-6.489625386404635,3.868815134202763
-6.895226973054924,4.7736186736534085
-51.948203213287094,9.360036615006685
-52.47860528813747,10.077639422157196
-26.894505207119206,18.87607384026348
31.60572363667257,20.81048140736486
2.340009153751671,25.365699226668113
4.524017697253231,26.738504596869095
28.08010984502005,51.32420077228665
24.554496053367533,51.948203213287094
-0.40560158665028967,52.32260467788736
30.139317900321522,52.66580602043761
23.587292269816842,53.6330098039883
7.363228803805258,53.75781029218839
19.905677867914214,53.75781029218839
28.73531240807052,53.75781029218839
-4.368017087003119,-1.3104051261009357
-2.995211716802139,1.341605248150958
-5.0856198941536315,2.1840085435015597
-5.928023189504233,3.088812082952206
-6.645625996654745,6.0216235556543
-52.41620504403743,10.420840764707442
-53.28980846143806,11.013643083657865
3.1824124491022725,24.21129471081729
2.0592080553014704,25.116098250267935
4.368017087003119,26.14570227791867
2.901611350652072,26.520103742518938
-4.867219039803476,-1.2792050040509135
-3.7440146460026735,1.2792050040509135
-6.708026240754791,5.023219650053587
-53.570609559888254,12.386448453858845
3.369613181402406,24.523295931317513
3.7752147680526957,24.679296541567624
2.215208665551582,25.053698006167892
3.588014035752562,26.70730447481907
-4.960819405953543,-1.1544045158508243
-54.194612000888704,11.4816449144082
-53.69541004808834,12.604849308209001
-53.69541004808834,13.010450894859291
-4.836018917753454,-1.0920042717507799
-3.3072129373023618,0.21840085435015597
-6.739226362804812,4.711218429553364
-7.300828559705214,5.928023189504233
-53.60180968193828,14.570456997360404
3.1824124491022725,24.367295321067402
4.586417941353275,26.64490423071903
-3.432013425502451,-0.8736034174006239
-3.8376150121527406,0.24960097640017825
-6.832826728954879,5.522421602853943
-54.31941248908879,13.447252603559603
-53.78901041423841,15.44406041476103
-27.019305695319293,18.376871887463125
3.1824124491022725,24.24249483286731
4.680018307503342,26.58250398661898
-3.3072129373023618,-0.2808010984502005
-3.8376150121527406,0.24960097640017825
-6.177624165904412,3.7128145239526513
-6.5208255084546565,5.272820626453766
-9.765638201656973,6.0216235556543
-54.44421297728888,16.598464930611854
-29.95211716802139,22.120886533465796
4.524017697253231,26.58250398661898
-4.742418551603387,-0.5928023189504233
-55.28661627263948,15.818461879361296
-54.22581212293872,17.877669934662766
-55.09941554033934,17.90887005671279
-26.988105573269273,18.75127335206339
3.338413059352384,24.33609519901738
4.680018307503342,26.55130386456896
-54.413012855238854,17.846469812612746
-54.72501407573908,19.03207445051359
-54.44421297728888,19.25047530486375
-54.31941248908879,20.061678478164325
-54.78741431983912,19.468876159213902
-4.24321659880303,-0.18720073230013368
-6.645625996654745,5.522421602853943
-6.9264270951049465,6.364824898204545
-7.675230024305481,7.082427705355058
-26.894505207119206,18.532872497713235
-54.506613221388925,21.49688409246535
4.7736186736534085,26.488903620468918
33.10332949507364,40.09215683427863
-4.274416720853052,-0.09360036615006684
-2.496009764001782,0.5304020748503787
-7.363228803805258,4.212016476753008
-6.427225142304589,5.0856198941536315
-6.645625996654745,5.709622335154077
-7.176028071505124,6.583225752554701
-7.581629658155414,7.5504295361053915
-26.988105573269273,18.688873107963346
-55.06821541828933,21.309683360165216
-54.4754130993389,21.65288470271546
-55.06821541828933,22.276887143715907
-54.13221175678866,22.339287387815954
4.836018917753454,26.457703498418894
-86.2683374683116,28.766512530120544
-0.9672037835506907,31.57452351462255
18.252071399263034,51.44900126048674
-4.64881818545332,-0.12480048820008913
-53.9138109024385,23.68089263596691
4.274416720853052,24.741696785667667
4.680018307503342,26.364103132268827
-54.28821236703877,22.43288775396602
-53.85141065833846,24.429695565167446
-5.522421602853943,-0.4680018307503342
-4.617618063403297,0.24960097640017825
-6.708026240754791,5.803222701304144
-53.78901041423841,25.58410008101827
4.804818795703431,26.301702888168784
-4.368017087003119,0.37440146460026735
-3.026411838852161,0.6864026851004902
-6.645625996654745,6.2088242879544335
-53.820210536288435,25.30329898256807
-54.31941248908879,25.646500325118314
-53.47700919373819,26.11450215586865
-54.00741126858857,26.239302644068736
4.898419161853498,26.301702888168784
-0.5928023189504233,30.76332034132197
-0.6864026851004902,31.512123270522505
-4.524017697253231,0.43680170870031193
4.898419161853498,26.27050276611876
-53.10260772913792,27.89290911271992
31.792924368972702,48.734590642134805
29.671316069571187,49.264992716985184
30.451319120821747,49.35859308313525
-84.98913246426069,51.54260162663681
4.555217819303253,26.176902399968693
-52.75940638658768,28.485711431670342
4.118416110602941,24.273694954917335
4.867219039803476,26.176902399968693
-52.16660406763725,29.42171509317101
4.711218429553364,25.61530020306829
3.993615622402852,26.083302033818626
-52.01060345738714,29.98331729007141
-6.708026240754791,2.901611350652072
3.2136125711522947,25.98970166766856
4.92961928390352,26.14570227791867
-51.261800528186605,30.950521073622102
1.341605248150958,25.83370105741845
4.992019528003564,26.052101911768602
-50.51299759898607,32.01132522332286
2.0592080553014704,25.802500935368425
4.711218429553364,25.802500935368425
1.4040054922510026,26.052101911768602
-50.419397232836005,32.97852900687355
21.465683970415327,44.99057599613213
26.988105573269273,-9.796838323706996
31.418522904372438,-7.269628437655191
30.201718144421566,-7.11362782740508
26.27050276611876,-6.801626606904857
27.799308746569853,-6.271224532054478
27.54970777016967,-5.865622945404189
-85.9875363698614,0.561602196900401
-3.2136125711522947,0.9360036615006684
-5.148020138253676,1.0296040276507352
26.769704718919115,17.09766688341221
-27.674508258369762,18.844873718213456
33.10332949507364,20.90408177351493
32.10492558947293,23.618492391866866
12.074447233358622,24.741696785667667
23.181690683166554,24.77289690771769
22.120886533465796,24.960097640017825
13.010450894859291,25.209698616418002
32.3545265658731,25.396899348718136
21.964885923215686,25.45929959281818
27.955309356819964,25.708900569218358
23.899293490317067,25.83370105741845
26.80090484096914,26.052101911768602
5.116820016203654,26.11450215586865
25.02249788411787,26.11450215586865
2.2776089096516263,26.27050276611876
30.700920097221925,26.27050276611876
29.8273166798213,26.55130386456896
14.040054922510025,26.613704108669005
25.61530020306829,26.92570532916923
11.824846256958445,27.08170593941934
27.019305695319293,27.08170593941934
1.4664057363510472,27.175306305569407
31.106521683872213,27.54970777016967
32.41692680997315,27.705708380419786
0.8736034174006239,27.736908502469806
33.009729128923574,27.799308746569853
19.56247652536397,28.111309967070074
14.570456997360404,28.142510089120098
15.568860902961118,28.236110455270165
26.39530325431885,28.29851069937021
21.247283116065173,28.36091094347025
29.95211716802139,28.36091094347025
27.861708990669896,28.672912163970476
2.87041122860205,28.704112286020496
15.03845882811074,28.86011289627061
23.992893856467134,28.922513140370654
11.793646134908421,29.01611350652072
21.403283726315284,29.04731362857074
31.231322172072304,29.04731362857074
9.890438689857064,29.296914604970922
13.13525138305938,29.328114727020942
28.57931179782041,29.515315459321076
25.490499714868204,29.608915825471144
24.6480964195176,29.70251619162121
11.200843815957999,29.95211716802139
14.289655898910205,30.139317900321522
22.62008848626615,30.139317900321522
29.70251619162121,30.170518022371546
21.964885923215686,30.264118388521613
6.957627217154968,30.700920097221925
33.009729128923574,30.82572058542201
29.608915825471144,30.950521073622102
24.304895076967355,31.35612266027239
3.2136125711522947,31.418522904372438
20.124078722264372,31.63692375872259
27.11290606146936,31.63692375872259
31.07532156182219,31.63692375872259
26.11450215586865,31.699324002822635
8.268032343255904,31.761724246922682
10.732841985207664,32.13612571152295
22.588888364216132,32.13612571152295
33.072129373023614,32.13612571152295
23.899293490317067,32.19852595562299
33.10332949507364,32.19852595562299
24.835297151817734,32.323326443823085
29.764916435721254,32.57292742022326
27.36250703786954,32.60412754227328
27.89290911271992,32.66652778637333
20.623280675064727,32.853728518673464
17.09766688341221,32.94732888482353
26.176902399968693,32.94732888482353
20.061678478164325,33.009729128923574
23.11929043906651,33.10332949507364
30.295318510571633,33.29053022737377
18.0648706669629,33.35293047147382
24.679296541567624,33.38413059352384
-49.70179442568549,33.60253144787399
-49.76419466978554,33.8833325463242
31.35612266027239,34.07053327862433
33.10332949507364,34.164133644774395
23.36889141546669,34.22653388887444
25.240898738468026,34.4449347432246
23.96169373441711,34.53853510937466
26.863305085069182,34.850536329874885
17.347267859812387,34.91293657397493
21.65288470271546,35.19373767242513
28.017709600920007,35.25613791652518
33.10332949507364,35.38093840472526
27.61210801426972,35.66173950317547
14.63285724146045,35.69293962522549
28.953713262420678,36.472942676476045
29.671316069571187,36.784943896976266
23.743292880066956,36.94094450722638
17.37846798186241,36.9721446292764
19.593676647413993,37.28414584977663
28.017709600920007,37.28414584977663
30.295318510571633,37.44014646002674
27.268906671719474,37.65854731437689
18.096070789012924,37.75214768052696
17.035266639312166,37.81454792462701
20.841681529414885,38.15774926717725
21.684084824765485,38.31374987742736
22.807289218566286,38.56335085382754
31.418522904372438,38.65695121997761
18.50167237566321,38.781751708177694
24.24249483286731,38.87535207432776
21.247283116065173,39.21855341687801
28.704112286020496,39.249753538928026
28.08010984502005,39.624155003528294
31.512123270522505,39.9049561019785
28.73531240807052,39.99855646812856
-3.369613181402406,40.06095671222861
24.554496053367533,40.06095671222861
26.020901789718582,40.49775842092892
3.4632135475524732,40.809759641429146
24.741696785667667,41.43376208242959
29.733716313671234,42.931367940830654
29.2657144829209,43.024968306980725
21.434483848365307,46.176180634032974
32.41692680997315,47.70498661448406
18.0648706669629,48.29778893343449
29.14091399472081,48.42258942163458
24.49209580926749,48.70339052008478
32.04252534537288,48.92179137443494
29.515315459321076,49.264992716985184
28.485711431670342,49.2961928390352
8.049631488905748,49.70179442568549
27.019305695319293,50.01379564618571
28.267310577320185,50.48179747693605
31.387322782322414,51.16820016203654
32.385726687923125,51.32420077228665
25.61530020306829,51.69860223688692
33.10332949507364,51.79220260303698
31.543323392572525,51.85460284713703
25.45929959281818,52.38500492198741
26.42650337636887,53.28980846143806
25.240898738468026,53.60180968193828
31.73052412487266,53.6330098039883
16.660865174711898,53.69541004808834
29.764916435721254,53.69541004808834
-2.527209886051805,53.75781029218839
4.992019528003564,25.95850154561854
2.3088090317016485,26.64490423071903
1.1856046379008467,27.175306305569407
-48.85939113033489,34.41373462117458
4.087215988552919,25.771300813318405
2.2776089096516263,26.832104963019162
1.0920042717507799,27.92410923476994
-48.110588201134355,35.16253755037511
4.804818795703431,25.83370105741845
2.3712092758016934,26.95690545121925
-47.611386248334,35.786539991375555
2.433609519901738,26.863305085069182
-46.89378344118349,36.66014340877618
4.898419161853498,25.89610130151849
2.558410008101827,27.674508258369762
0.40560158665028967,28.828912774220587
-47.92338746883422,35.536939014975374
-45.86417941353275,36.94094450722638
5.116820016203654,25.927301423568515
2.6208102522018715,27.580907892219695
-45.333777338682374,37.68974743642691
2.6520103742518937,26.769704718919115
1.560006102501114,26.832104963019162
-45.55217819303253,36.566543042626115
-44.30417331103164,38.001748656927134
4.992019528003564,25.677700447168338
2.683210496301916,27.300106793769494
-44.27297318898162,37.81454792462701
-43.77377123618126,38.407350243577426
-44.3977736771817,38.62575109792758
2.683210496301916,26.11450215586865
2.215208665551582,26.70730447481907
-42.931367940830654,38.87535207432776
2.7456107404019607,26.020901789718582
-41.96416415727997,39.00015256252785
-41.21536122807943,40.27935756657877
-42.088964645480054,38.781751708177694
-40.248157444528744,39.84255585787845
3.3072129373023618,24.21129471081729
5.397621114653854,26.083302033818626
4.742418551603387,24.991297762067845
2.215208665551582,26.488903620468918
2.0280079332514482,27.36250703786954
1.216804759950869,29.640115947521167
0.09360036615006684,30.82572058542201
-2.6520103742518937,32.853728518673464
-39.249753538928026,39.84255585787845
32.0737254674229,53.69541004808834
-27.92410923476994,19.68727701356406
-27.51850764811965,20.061678478164325
5.428821236703877,26.083302033818626
0.3432013425502451,28.45451130962032
2.215208665551582,29.733716313671234
-0.780003051250557,30.201718144421566
0.09360036615006684,31.106521683872213
-2.340009153751671,31.35612266027239
-2.7456107404019607,33.57133132582398
-38.59455097587756,39.873755979928475
-38.56335085382754,39.561754759428254
-38.84415195227774,39.9049561019785
-37.75214768052696,40.248157444528744
-36.628943286726155,40.466558298878894
-35.91134047957564,41.27776147217948
-34.632135475524734,41.246561350129454
-33.82093230222415,40.716159275279075
-33.13452961712366,41.27776147217948
-31.449723026422458,41.37136183832954
-30.82572058542201,41.714563180879786
-30.201718144421566,41.18416110602941
-29.234514360870875,40.65375903117903
-28.57931179782041,39.624155003528294
-29.608915825471144,40.1857572004287
-26.95690545121925,40.43535817682888
-27.36250703786954,39.21855341687801
-27.54970777016967,39.96735634607854
-26.894505207119206,20.37367969866455
2.433609519901738,25.45929959281818
5.803222701304144,26.11450215586865
-25.802500935368425,39.3433539050781
-26.80090484096914,20.404879820714573
-30.82572058542201,24.33609519901738
2.527209886051805,25.490499714868204
3.931215378302807,25.74010069126838
5.678422213104055,26.052101911768602
-24.9288975179678,38.71935146407765
-25.89610130151849,39.43695427122816
2.46480964195176,25.521699836918224
-23.64969251391689,38.5009506097275
-25.45929959281818,38.65695121997761
2.246408787601604,25.209698616418002
-22.776089096516266,38.43855036562745
-28.173710211170118,20.15527884431439
2.215208665551582,25.490499714868204
-21.62168458066544,38.96895244047783
-27.89290911271992,20.186478966364415
-30.045717534171455,22.495287998066065
-28.4233111875703,22.62008848626615
-30.264118388521613,24.523295931317513
5.959223311554256,26.083302033818626
2.7456107404019607,26.80090484096914
1.341605248150958,27.050505817369316
-21.372083604265264,37.72094755847694
-27.580907892219695,19.15687493871368
-28.236110455270165,20.280079332514482
-28.236110455270165,22.71368885241622
-30.23291826647159,24.304895076967355
5.428821236703877,25.521699836918224
5.05441977210361,27.175306305569407
0.780003051250557,27.89290911271992
-20.436079942764593,35.942540601625666
-21.933685801165662,37.159345361576534
-28.548111675770386,19.656076891514036
-28.173710211170118,20.342479576614526
-30.23291826647159,24.11769434466722
5.990423433604278,26.95690545121925
0.9672037835506907,27.89290911271992
1.5288059804510918,27.986509478869987
-19.500076281263926,35.91134047957564
-20.311279454564506,36.87854426312634
-28.236110455270165,19.094474694613634
-27.300106793769494,19.749677257664104
-26.832104963019162,20.311279454564506
-28.111309967070074,20.37367969866455
-29.85851680187132,22.02728616731573
-30.326518632621656,22.776089096516266
-29.234514360870875,24.679296541567624
5.896823067454211,29.203314238820855
5.241620504403743,24.960097640017825
1.4976058584010694,29.57771570342112
-18.532872497713235,35.536939014975374
-19.094474694613634,35.75533986932553
-19.094474694613634,36.25454182212589
-19.56247652536397,36.28574194417591
-83.64752721610974,-8.76723429605626
8.985635150406416,13.322452115359514
-27.54970777016967,19.28167542691377
-27.986509478869987,20.311279454564506
-26.42650337636887,20.37367969866455
-28.20491033322014,22.55768824216611
-30.35771875467168,24.554496053367533
-29.203314238820855,24.960097640017825
6.084023799754345,26.176902399968693
2.246408787601604,29.203314238820855
1.5288059804510918,29.57771570342112
-0.1560006102501114,30.07691765622148
1.123204393800802,30.264118388521613
-0.8112031733005793,30.950521073622102
-1.8096070789012924,32.94732888482353
-18.033670544912876,35.38093840472526
-18.002470422862856,35.75533986932553
-19.125674816663658,36.316942066225934
-86.3931379565117,53.69541004808834
-28.20491033322014,18.969674206413547
-27.019305695319293,19.03207445051359
-27.61210801426972,19.624876769464013
-28.04890972297003,19.812077501764147
-28.29851069937021,20.186478966364415
-26.738504596869095,20.404879820714573
-29.17211411677083,24.148894466717245
-29.889716923921345,24.6480964195176
5.05441977210361,24.960097640017825
4.992019528003564,25.74010069126838
5.834422823354166,25.771300813318405
2.246408787601604,26.55130386456896
1.8720073230013368,28.516911553720366
0.561602196900401,29.14091399472081
-1.996807811201426,32.79132827457342
-1.9656076891514036,33.57133132582398
-16.9416662731621,34.850536329874885
-17.2224673716123,35.474538770875334
-28.142510089120098,19.749677257664104
-28.392111065520275,20.030478356114305
-26.70730447481907,20.52968030891466
-29.57771570342112,22.120886533465796
-29.17211411677083,24.866497273867758
5.959223311554256,25.42809947076816
3.650414279852607,25.61530020306829
5.428821236703877,25.95850154561854
1.5288059804510918,29.14091399472081
-16.068062855761475,34.7257358416748
-16.97286639521212,35.100137306275066
27.54970777016967,8.736034174006239
-27.08170593941934,19.71847713561408
-26.64490423071903,20.560880430964684
-28.766512530120544,20.872881651464905
-29.733716313671234,22.089686411415773
-29.10971387267079,24.148894466717245
-29.70251619162121,24.804097029767714
6.084023799754345,26.020901789718582
1.6224063466011587,27.206506427619427
0.7176028071505125,28.953713262420678
-0.18720073230013368,30.045717534171455
-0.9672037835506907,30.76332034132197
-0.998403905600713,31.73052412487266
-15.132059194260806,33.75853205812411
-15.787261757311274,34.008133034524285
-16.13046309986152,34.50733498732464
30.35771875467168,38.12654914512723
-20.404879820714573,40.43535817682888
-69.38907143924955,41.62096281472972
30.91932095157208,43.39936977158099
23.493691903666775,44.179372822831546
31.449723026422458,44.179372822831546
32.51052717612322,44.46017392128175
10.82644235135773,44.61617453153186
30.51371936492179,44.647374653581885
24.585696175417556,44.67857477563191
32.19852595562299,45.14657660638224
11.044843205707886,45.177776728432264
25.521699836918224,45.61457843713257
22.932089706766376,45.801779169432706
24.960097640017825,45.89537953558278
31.668123880772615,46.23858087813302
28.36091094347025,46.30098112223306
24.398495443117422,47.0497840514336
21.247283116065173,47.58018612628398
26.176902399968693,47.98578771293427
13.29125199330949,48.266588811384466
30.420118998771724,48.32898905548451
27.39370715991956,48.734590642134805
29.640115947521167,49.38979320518527
28.4233111875703,51.16820016203654
30.88812082952206,51.79220260303698
29.234514360870875,52.63460589838758
28.672912163970476,52.91540699683779
30.950521073622102,52.91540699683779
-2.6208102522018715,-0.998403905600713
-3.8376150121527406,-0.9360036615006684
-27.45610740401961,19.063274572563614
-28.20491033322014,19.656076891514036
-26.58250398661898,20.560880430964684
-29.484115337271056,21.933685801165662
-28.953713262420678,24.46089568721747
-30.264118388521613,24.804097029767714
6.146424043854389,26.364103132268827
3.9624155003528294,25.45929959281818
2.246408787601604,27.51850764811965
1.123204393800802,28.329710821420232
-82.36832221205881,28.797712652170564
0.7176028071505125,29.2657144829209
1.6224063466011587,30.201718144421566
-0.2808010984502005,30.607319731071858
-0.8424032953506015,30.6697199751719
0.9048035394506462,31.106521683872213
-0.998403905600713,32.19852595562299
-1.7160067127512255,33.63373156992402
-1.77840695685127,33.8833325463242
-14.726457607610516,34.257734010924466
-19.780877379714127,39.96735634607854
-76.15949792410439,52.353804799937386
-28.36091094347025,19.40647591511386
-29.5465155813711,21.74648506886553
5.522421602853943,26.67610435276905
-0.998403905600713,31.63692375872259
-1.7472068348012477,32.57292742022326
-13.665653457909759,32.94732888482353
5.709622335154077,25.677700447168338
3.5256137916525176,27.45610740401961
-13.29125199330949,32.635327664323306
5.678422213104055,25.240898738468026
3.369613181402406,27.674508258369762
-12.57364918615898,31.60572363667257
-13.228851749209447,32.323326443823085
5.553621724903966,25.02249788411787
4.118416110602941,27.674508258369762
-11.7624460128584,30.88812082952206
-12.480048820008912,31.85532461307275
5.522421602853943,24.991297762067845
4.4616174531531865,27.986509478869987
3.6192141578025847,26.58250398661898
-11.7624460128584,30.638519853121878
-0.9360036615006684,31.543323392572525
6.146424043854389,25.45929959281818
4.680018307503342,27.45610740401961
4.0560158665028965,26.92570532916923
3.3072129373023618,28.142510089120098
2.0280079332514482,28.73531240807052
-10.202439910357286,31.106521683872213
-0.7176028071505125,31.668123880772615
-1.435205614301025,32.385726687923125
-26.67610435276905,20.560880430964684
6.489625386404635,26.083302033818626
4.898419161853498,28.142510089120098
2.215208665551582,28.329710821420232
2.246408787601604,29.234514360870875
1.8096070789012924,29.889716923921345
0.5928023189504233,30.201718144421566
-9.828038445757018,30.451319120821747
-0.40560158665028967,30.451319120821747
-0.40560158665028967,31.948924979222816
-1.216804759950869,32.66652778637333
6.583225752554701,25.521699836918224
4.92961928390352,27.61210801426972
2.246408787601604,28.111309967070074
3.2760128152523396,28.516911553720366
-9.048035394506462,28.57931179782041
2.0280079332514482,29.359314849070966
0.561602196900401,29.733716313671234
1.77840695685127,29.889716923921345
-9.17283588270655,30.07691765622148
0.24960097640017825,30.23291826647159
-0.8424032953506015,31.449723026422458
2.215208665551582,26.083302033818626
6.302424654104501,26.14570227791867
6.645625996654745,27.54970777016967
4.368017087003119,25.521699836918224
-8.392832831455994,28.766512530120544
3.4008133034524284,28.86011289627061
-9.640837713456884,29.608915825471144
2.0592080553014704,30.295318510571633
1.2792050040509135,31.20012205002228
0.561602196900401,33.009729128923574
-1.0296040276507352,33.91453266837422
6.739226362804812,27.64330813631974
-8.236832221205882,28.017709600920007
-9.57843746935684,28.548111675770386
3.1824124491022725,29.14091399472081
0.8424032953506015,30.35771875467168
-0.09360036615006684,31.012921317722146
2.1528084214515375,31.35612266027239
0.9048035394506462,32.323326443823085
-0.03120012205002228,32.79132827457342
0.5928023189504233,32.79132827457342
6.801626606904857,25.708900569218358
-7.831230634555593,28.04890972297003
2.1528084214515375,28.36091094347025
3.088812082952206,28.4233111875703
2.121608299401515,29.14091399472081
1.6224063466011587,30.576119609021834
-0.37440146460026735,32.3545265658731
6.427225142304589,25.864901179468472
2.0280079332514482,26.70730447481907
3.2760128152523396,27.54970777016967
-7.6440299022554585,27.705708380419786
2.0592080553014704,29.10971387267079
0.9048035394506462,30.295318510571633
-0.03120012205002228,30.76332034132197
-0.9360036615006684,32.44812693202317
3.4008133034524284,24.77289690771769
5.990423433604278,25.708900569218358
-6.489625386404635,26.863305085069182
-7.768830390455547,27.300106793769494
3.369613181402406,27.45610740401961
2.0592080553014704,29.359314849070966
6.676826118704768,25.95850154561854
3.55681391370254,26.020901789718582
3.1824124491022725,27.674508258369762
2.215208665551582,28.485711431670342
1.123204393800802,30.201718144421566
2.1840085435015597,30.420118998771724
0.03120012205002228,31.04412143977217
6.645625996654745,25.45929959281818
6.489625386404635,25.08489812821791
-5.803222701304144,25.89610130151849
3.6192141578025847,26.364103132268827
3.1512123270522503,27.64330813631974
2.215208665551582,29.5465155813711
-4.305616842903075,2.0280079332514482
-5.023219650053587,24.710496663617647
-5.990423433604278,25.61530020306829
3.088812082952206,26.58250398661898
7.144827949455102,26.738504596869095
2.246408787601604,29.04731362857074
1.7160067127512255,30.326518632621656
2.2776089096516263,30.91932095157208
0.03120012205002228,31.85532461307275
0.09360036615006684,32.94732888482353
-0.6240024410004456,32.97852900687355
-4.336816964953097,2.121608299401515
-5.522421602853943,2.3088090317016485
-5.460021358753899,3.2448126932023174
-4.711218429553364,25.053698006167892
4.898419161853498,25.98970166766856
6.801626606904857,26.42650337636887
-4.305616842903075,2.496009764001782
-5.522421602853943,2.6208102522018715
-4.7736186736534085,24.46089568721747
4.992019528003564,25.98970166766856
6.832826728954879,26.738504596869095
-5.4912214808039215,2.6520103742518937
-4.274416720853052,2.683210496301916
-4.118416110602941,23.712092758016933
6.396025020254568,27.45610740401961
-5.241620504403743,2.3712092758016934
-4.274416720853052,2.808010984502005
-5.241620504403743,3.588014035752562
6.645625996654745,25.521699836918224
5.116820016203654,27.580907892219695
-5.272820626453766,2.7456107404019607
-4.305616842903075,2.9640115947521166
-5.647222091054033,3.588014035752562
-3.2760128152523396,23.056890194966464
6.583225752554701,25.30329898256807
5.428821236703877,25.646500325118314
5.1792202603036985,27.36250703786954
3.7128145239526513,26.55130386456896
-5.460021358753899,3.1824124491022725
-4.024815744452874,3.338413059352384
-5.5848218469539885,4.212016476753008
-9.235236126806594,7.207228193555147
-3.2448126932023174,21.964885923215686
-3.681614401902629,22.6824887303662
6.739226362804812,25.396899348718136
5.553621724903966,27.89290911271992
2.246408787601604,28.516911553720366
-2.776810862451983,3.369613181402406
-5.428821236703877,4.024815744452874
-7.488029292005347,4.680018307503342
-26.55130386456896,19.780877379714127
-2.9328114727020944,21.902485679115642
7.144827949455102,27.955309356819964
2.215208665551582,29.671316069571187
-3.432013425502451,1.3728053702009804
-3.7128145239526513,1.5912062245511363
-4.430417331103164,2.6520103742518937
-7.269628437655191,4.898419161853498
-6.801626606904857,6.177624165904412
-9.016835272456438,8.330432587355949
-9.70323795755693,10.015239178057152
-26.39530325431885,19.874477745864194
-2.558410008101827,21.62168458066544
7.207228193555147,25.927301423568515
4.524017697253231,27.674508258369762
3.7752147680526957,27.268906671719474
2.87041122860205,28.20491033322014
3.432013425502451,28.392111065520275
-4.212016476753008,1.3104051261009357
-4.7736186736534085,3.4944136696024954
-3.650414279852607,20.623280675064727
-2.4024093978517156,21.309683360165216
6.676826118704768,24.991297762067845
26.14570227791867,-2.215208665551582
31.980125101272836,-2.1840085435015597
30.451319120821747,-1.560006102501114
13.728053702009804,-0.7176028071505125
21.840085435015595,-0.7176028071505125
-2.7456107404019607,1.8720073230013368
-5.865622945404189,2.9640115947521166
32.97852900687355,3.088812082952206
-4.617618063403297,3.4944136696024954
-5.33522087055381,3.8064148901027184
-6.427225142304589,5.116820016203654
-6.801626606904857,5.210420382353721
25.708900569218358,5.865622945404189
-8.299232465305927,6.0216235556543
-6.177624165904412,6.458425264354612
-9.17283588270655,7.768830390455547
-7.768830390455547,8.236832221205882
-9.765638201656973,8.548833441706105
-9.57843746935684,10.514441130857508
-2.808010984502005,19.40647591511386
-1.8408072009513146,19.968078112014258
-26.332903010218804,20.436079942764593
-3.0576119609021837,20.96648201761497
7.269628437655191,25.89610130151849
3.8064148901027184,28.45451130962032
2.246408787601604,29.359314849070966
28.236110455270165,32.29212632177306
-0.3120012205002228,33.009729128923574
31.512123270522505,34.07053327862433
26.42650337636887,34.22653388887444
24.304895076967355,34.88173645192491
-8.36163270940597,35.69293962522549
9.422436859106728,36.44174255442602
26.613704108669005,37.19054548362656
2.776810862451983,37.50254670412678
28.142510089120098,39.49935451532821
24.866497273867758,41.5897626926797
32.01132522332286,46.61298234273329
-2.7456107404019607,1.9656076891514036
-3.338413059352384,0.6240024410004456
-5.834422823354166,2.46480964195176
-6.115223921804367,3.369613181402406
-4.992019528003564,3.4008133034524284
-6.302424654104501,5.241620504403743
-8.424032953506016,6.583225752554701
-6.739226362804812,6.676826118704768
-7.238428315605169,7.51922941405537
-7.862430756605614,8.236832221205882
-8.798434418106282,8.798434418106282
-9.85923856780704,10.951242839557821
-2.121608299401515,18.87607384026348
-2.5896101301518493,19.500076281263926
-1.8096070789012924,20.124078722264372
-26.364103132268827,20.37367969866455
-19.531276403313946,23.743292880066956
4.92961928390352,25.490499714868204
7.020027461255013,25.802500935368425
27.23770654966945,28.922513140370654
-0.06240024410004456,32.66652778637333
-7.488029292005347,43.336969527480946
-86.42433807856172,49.23379259493516
29.17211411677083,50.23219650053587
-84.7083313658105,51.48020138253676
31.231322172072304,51.54260162663681
-84.11552904686006,51.91700309123708
-83.36672611765954,52.104203823537205
28.953713262420678,52.13540394558723
-84.61473099966042,52.197804189687275
-73.81948877035272,53.32100858348808
-6.396025020254568,5.428821236703877
-6.645625996654745,6.676826118704768
-8.985635150406416,7.144827949455102
-2.9640115947521166,18.72007323001337
-1.7160067127512255,19.656076891514036
6.770426484854835,24.9288975179678
5.709622335154077,25.42809947076816
-3.1512123270522503,0.18720073230013368
-2.6520103742518937,1.7472068348012477
-5.865622945404189,2.433609519901738
-5.678422213104055,4.64881818545332
-5.959223311554256,5.990423433604278
-8.236832221205882,6.396025020254568
-8.860834662206328,7.332028681755236
-6.489625386404635,7.39442892585528
-8.143231855055815,8.860834662206328
-9.672037835506908,8.954435028356395
-9.890438689857064,11.263244060058042
-26.80090484096914,18.938474084363524
-1.684806590701203,19.656076891514036
-26.42650337636887,20.280079332514482
7.332028681755236,25.98970166766856
32.19852595562299,45.02177611818215
25.708900569218358,50.23219650053587
26.92570532916923,50.575397843086115
-84.77073160991054,51.44900126048674
31.980125101272836,51.573801748686826
31.137721805922236,51.6674021148369
25.42809947076816,52.29140455583734
-4.586417941353275,0.8736034174006239
-2.9328114727020944,1.684806590701203
-3.9624155003528294,1.77840695685127
-5.896823067454211,5.460021358753899
-6.458425264354612,7.082427705355058
-8.798434418106282,7.207228193555147
-9.204036004756572,8.080831610955771
-9.828038445757018,11.263244060058042
-1.9656076891514036,19.25047530486375
-26.42650337636887,19.84327762381417
6.271224532054478,24.9288975179678
7.020027461255013,25.02249788411787
29.70251619162121,44.77217514178197
-4.617618063403297,0.9048035394506462
-2.8392111065520274,1.77840695685127
-4.24321659880303,1.8720073230013368
-5.803222701304144,1.9656076891514036
-5.709622335154077,5.928023189504233
-6.333624776154523,7.51922941405537
-9.110435638606505,8.018431366855726
-7.39442892585528,8.48643319760606
-9.516037225256795,10.545641252907531
-9.765638201656973,11.07604332775791
-1.4040054922510026,17.596868836212565
-1.6224063466011587,18.314471643363078
-2.246408787601604,18.408072009513145
-26.39530325431885,20.436079942764593
6.6144258746047235,25.17849849436798
-4.64881818545332,1.248004882000891
-2.87041122860205,1.9032074450513592
-5.5848218469539885,2.4024093978517156
-5.772022579254122,5.928023189504233
-6.2088242879544335,7.207228193555147
-7.39442892585528,8.424032953506016
-9.765638201656973,11.35684442620811
-1.9032074450513592,17.347267859812387
-1.5288059804510918,18.18967115516299
-4.586417941353275,1.4976058584010694
-2.9640115947521166,2.0280079332514482
-5.4912214808039215,2.5896101301518493
-5.990423433604278,5.05441977210361
-7.207228193555147,5.7408224572041
-6.489625386404635,6.957627217154968
-9.828038445757018,11.450444792358176
-1.4976058584010694,17.035266639312166
-1.8096070789012924,18.158471033112967
-26.488903620468918,19.905677867914214
-4.617618063403297,1.9032074450513592
-5.460021358753899,2.4024093978517156
-6.240024410004456,3.2760128152523396
-6.146424043854389,3.9624155003528294
-6.583225752554701,5.709622335154077
-0.998403905600713,17.37846798186241
-1.996807811201426,17.53446859211252
-4.711218429553364,1.9344075671013814
-0.9672037835506907,17.37846798186241
-5.023219650053587,2.3088090317016485
-5.366420992603832,4.711218429553364
-6.864026851004902,5.772022579254122
-7.425629047905303,8.61123368580615
-0.9672037835506907,17.284867615712344
-3.088812082952206,2.3712092758016934
-5.116820016203654,5.772022579254122
-1.1544045158508243,16.44246432036174
-1.7160067127512255,16.879266029062055
-3.120012205002228,2.46480964195176
-4.711218429553364,5.865622945404189
-0.998403905600713,16.380064076261696
-4.804818795703431,5.553621724903966
-0.9360036615006684,16.00566261166143
-4.492817575203208,3.338413059352384
-5.678422213104055,4.836018917753454
-1.7472068348012477,15.100859072210783
-4.524017697253231,3.088812082952206
-4.92961928390352,3.2760128152523396
-4.804818795703431,3.993615622402852
-5.959223311554256,5.366420992603832
-1.8096070789012924,14.91365833991065
-4.742418551603387,4.212016476753008
-0.9360036615006684,15.880862123461341
-3.2136125711522947,2.683210496301916
-4.617618063403297,4.867219039803476
-1.341605248150958,15.007258706060718
-1.77840695685127,15.568860902961118
-4.555217819303253,5.0856198941536315
-1.2792050040509135,15.225659560410874
-4.586417941353275,5.428821236703877
-1.77840695685127,15.007258706060718
-2.7456107404019607,2.0904081773514926
-4.7736186736534085,5.553621724903966
-1.9344075671013814,15.03845882811074
-1.7472068348012477,14.383256265060272
-2.8392111065520274,2.121608299401515
-1.9656076891514036,14.50805675326036
-2.1528084214515375,14.570456997360404
-2.8392111065520274,3.2760128152523396
-2.340009153751671,3.650414279852607
-4.680018307503342,4.898419161853498
-5.148020138253676,5.428821236703877
-2.683210496301916,14.383256265060272
-2.340009153751671,3.7128145239526513
-4.524017697253231,4.992019528003564
-5.023219650053587,5.460021358753899
-6.427225142304589,6.864026851004902
-7.425629047905303,7.238428315605169
-8.018431366855726,8.236832221205882
-8.76723429605626,8.798434418106282
-6.645625996654745,9.204036004756572
-7.39442892585528,10.015239178057152
-2.6208102522018715,14.289655898910205
-86.36193783446167,18.033670544912876
-75.66029597130402,25.272098860518046
5.896823067454211,25.42809947076816
-86.42433807856172,25.83370105741845
4.087215988552919,28.766512530120544
29.42171509317101,28.797712652170564
1.216804759950869,31.168921927972256
25.45929959281818,31.168921927972256
5.304020748503787,33.75853205812411
0.21840085435015597,33.8833325463242
-85.8315357596113,35.34973828267524
-86.14353698011152,53.32100858348808
-2.340009153751671,3.7440146460026735
-6.333624776154523,6.084023799754345
-3.2136125711522947,13.977654678409982
-2.9640115947521166,14.040054922510025
5.647222091054033,25.30329898256807
4.024815744452874,26.769704718919115
-3.1512123270522503,14.63285724146045
-2.3712092758016934,3.7752147680526957
-5.1792202603036985,4.180816354702985
-5.4912214808039215,4.992019528003564
-6.240024410004456,6.115223921804367
-5.990423433604278,7.176028071505124
-3.7752147680526957,13.915254434309936
5.61602196900401,25.272098860518046
3.868815134202763,28.111309967070074
-2.46480964195176,3.7128145239526513
-5.1792202603036985,4.212016476753008
-5.5848218469539885,4.617618063403297
-5.803222701304144,5.647222091054033
-5.928023189504233,7.425629047905303
-3.7440146460026735,14.383256265060272
5.4912214808039215,25.17849849436798
-4.368017087003119,2.121608299401515
-2.3712092758016934,3.868815134202763
-5.647222091054033,4.399217209053141
-5.397621114653854,7.581629658155414
-4.180816354702985,14.196055532760138
5.553621724903966,25.17849849436798
-2.433609519901738,3.7128145239526513
-5.460021358753899,7.300828559705214
-5.0856198941536315,12.511248942058934
-3.868815134202763,13.915254434309936
5.522421602853943,25.14729837231796
-3.7128145239526513,14.040054922510025
-4.212016476753008,2.7144106183519385
-5.0856198941536315,3.931215378302807
-5.803222701304144,7.862430756605614
-6.458425264354612,9.048035394506462
-4.180816354702985,13.197651627159425
4.836018917753454,25.272098860518046
-4.118416110602941,13.260051871259469
4.7736186736534085,25.365699226668113
4.92961928390352,25.490499714868204
4.0560158665028965,26.27050276611876
-4.024815744452874,12.948050650759246
5.148020138253676,25.521699836918224
4.0560158665028965,26.39530325431885
-5.023219650053587,5.397621114653854
-5.366420992603832,6.084023799754345
-3.9624155003528294,12.57364918615898
5.0856198941536315,25.490499714868204
4.087215988552919,26.457703498418894
-4.960819405953543,6.5208255084546565
-5.803222701304144,7.706430146355503
-3.868815134202763,12.542449064108956
4.960819405953543,26.208102522018716
6.271224532054478,26.239302644068736
5.709622335154077,26.457703498418894
6.832826728954879,26.457703498418894
3.681614401902629,26.67610435276905
-4.024815744452874,5.460021358753899
-4.898419161853498,6.739226362804812
-5.959223311554256,7.39442892585528
-4.212016476753008,12.16804759950869
6.864026851004902,25.74010069126838
4.867219039803476,26.083302033818626
5.522421602853943,26.863305085069182
-2.46480964195176,3.8376150121527406
-3.9624155003528294,5.928023189504233
-4.586417941353275,7.706430146355503
4.742418551603387,25.83370105741845
7.269628437655191,26.894505207119206
-5.148020138253676,6.333624776154523
-3.650414279852607,6.396025020254568
-5.928023189504233,7.39442892585528
-3.9624155003528294,10.26484015445733
6.146424043854389,24.679296541567624
4.555217819303253,25.490499714868204
7.238428315605169,26.364103132268827
6.396025020254568,26.863305085069182
-3.120012205002228,3.9624155003528294
-2.340009153751671,4.024815744452874
-3.588014035752562,6.770426484854835
-3.993615622402852,11.138443571857954
7.269628437655191,26.769704718919115
-2.8392111065520274,4.180816354702985
-3.55681391370254,6.9264270951049465
-4.24321659880303,10.233640032407308
-3.931215378302807,10.982442961607843
-4.992019528003564,11.23204393800802
7.238428315605169,26.80090484096914
-2.246408787601604,7.300828559705214
-4.711218429553364,10.452040886757464
-3.9624155003528294,11.263244060058042
7.269628437655191,26.769704718919115
-2.121608299401515,7.238428315605169
-7.363228803805258,8.673633929906194
-4.680018307503342,10.514441130857508
-6.801626606904857,10.764042107257687
-4.0560158665028965,11.419244670308155
-7.924831000705659,12.355248331808824
7.300828559705214,26.738504596869095
-2.121608299401515,6.801626606904857
-4.212016476753008,7.238428315605169
-7.269628437655191,8.548833441706105
-7.924831000705659,9.921638811907085
-3.931215378302807,11.419244670308155
-9.079235516556484,11.544045158508244
-7.020027461255013,11.63764552465831
-4.680018307503342,12.292848087708778
-9.110435638606505,14.10245516661007
7.300828559705214,26.67610435276905
1.8720073230013368,30.451319120821747
0.6864026851004902,31.60572363667257
-2.1840085435015597,6.9264270951049465
-4.492817575203208,7.207228193555147
-7.238428315605169,8.61123368580615
-4.492817575203208,10.795242229307709
-7.488029292005347,11.949646745158534
-4.0560158665028965,12.3240482097588
7.269628437655191,26.613704108669005
1.7160067127512255,29.733716313671234
-2.3712092758016934,5.896823067454211
-6.364824898204545,8.48643319760606
-7.207228193555147,8.860834662206328
-6.708026240754791,11.200843815957999
-3.900015256252785,12.16804759950869
-8.798434418106282,13.603253213809714
7.238428315605169,26.55130386456896
3.4008133034524284,28.57931179782041
0.06240024410004456,31.792924368972702
-2.4024093978517156,5.7408224572041
-6.115223921804367,7.300828559705214
-7.238428315605169,8.829634540156306
-7.768830390455547,9.890438689857064
-8.76723429605626,11.263244060058042
-6.832826728954879,11.325644304158088
-7.300828559705214,11.918446623108512
-3.4632135475524732,12.012046989258577
-7.893630878655637,12.792050040509135
7.269628437655191,26.488903620468918
3.650414279852607,28.797712652170564
1.9032074450513592,30.014517412121435
0.24960097640017825,32.13612571152295
-2.6208102522018715,4.804818795703431
-6.364824898204545,8.89203478425635
-6.676826118704768,11.325644304158088
-3.588014035752562,11.980846867208555
7.238428315605169,26.42650337636887
3.7752147680526957,28.57931179782041
1.9344075671013814,31.012921317722146
0.12480048820008913,32.01132522332286
-3.088812082952206,4.7736186736534085
-4.180816354702985,5.7408224572041
-6.0216235556543,7.675230024305481
-6.458425264354612,9.360036615006685
-4.024815744452874,10.951242839557821
-4.212016476753008,11.731245890808378
7.207228193555147,26.364103132268827
4.212016476753008,28.641712041920453
1.7472068348012477,29.296914604970922
-2.3088090317016485,6.052823677704322
-5.709622335154077,6.333624776154523
-5.709622335154077,9.984039056007129
-4.399217209053141,10.920042717507798
-3.650414279852607,11.35684442620811
-6.708026240754791,11.63764552465831
7.238428315605169,26.457703498418894
4.430417331103164,28.641712041920453
0.1560006102501114,31.980125101272836
-0.6864026851004902,32.541727298173235
-2.496009764001782,6.115223921804367
-5.865622945404189,7.987231244805704
-6.333624776154523,8.174431977105838
-6.052823677704322,8.798434418106282
-6.832826728954879,9.17283588270655
-7.300828559705214,9.85923856780704
-8.954435028356395,15.225659560410874
7.238428315605169,26.457703498418894
4.368017087003119,28.4233111875703
0.09360036615006684,31.85532461307275
-3.4008133034524284,5.33522087055381
-5.148020138253676,5.896823067454211
-2.995211716802139,6.240024410004456
-5.272820626453766,8.798434418106282
-6.864026851004902,10.140039666257241
-4.524017697253231,10.26484015445733
7.176028071505124,28.20491033322014
-3.088812082952206,5.647222091054033
-5.366420992603832,9.141635760656529
-7.238428315605169,10.26484015445733
-8.36163270940597,11.23204393800802
7.176028071505124,28.04890972297003
2.246408787601604,28.61051191987043
-3.2760128152523396,5.678422213104055
-5.116820016203654,6.6144258746047235
-4.24321659880303,6.832826728954879
-5.272820626453766,8.736034174006239
-7.144827949455102,10.296040276507352
-8.268032343255904,11.575245280558265
7.176028071505124,27.92410923476994
2.4024093978517156,28.142510089120098
-3.088812082952206,6.583225752554701
-2.995211716802139,7.051227583305035
-5.272820626453766,9.360036615006685
-6.708026240754791,10.10883954420722
-8.330432587355949,11.575245280558265
7.144827949455102,27.76810862451983
2.3088090317016485,28.329710821420232
-2.9328114727020944,7.39442892585528
-5.4912214808039215,9.672037835506908
-8.268032343255904,11.949646745158534
7.11362782740508,27.54970777016967
2.527209886051805,28.04890972297003
-4.368017087003119,5.772022579254122
-4.368017087003119,8.174431977105838
-5.678422213104055,9.734438079606951
-8.36163270940597,11.824846256958445
6.864026851004902,24.960097640017825
5.210420382353721,27.08170593941934
2.246408787601604,27.736908502469806
-4.4616174531531865,6.115223921804367
-5.0856198941536315,6.6144258746047235
-2.496009764001782,7.176028071505124
-4.180816354702985,8.798434418106282
5.0856198941536315,26.769704718919115
2.3088090317016485,27.64330813631974
-3.2760128152523396,5.678422213104055
-3.5256137916525176,6.333624776154523
-4.524017697253231,6.988827339204991
-4.1496162326529635,9.110435638606505
6.9264270951049465,25.209698616418002
5.023219650053587,27.580907892219695
-2.0904081773514926,9.609637591406862
-8.080831610955771,11.7624460128584
-8.424032953506016,12.885650406659202
6.988827339204991,25.58410008101827
4.898419161853498,27.45610740401961
-0.2808010984502005,31.20012205002228
-2.0592080553014704,10.10883954420722
-4.4616174531531865,9.141635760656529
-8.704834051956217,13.54085296970967
-27.799308746569853,20.342479576614526
5.553621724903966,23.774493002116976
6.9264270951049465,25.74010069126838
4.742418551603387,27.45610740401961
0.09360036615006684,30.950521073622102
-1.9344075671013814,7.831230634555593
-4.024815744452874,9.547237347306817
-4.368017087003119,10.202439910357286
-8.580033563756126,13.884054312259915
-8.018431366855726,14.757657729660538
-27.92410923476994,19.749677257664104
-27.76810862451983,20.311279454564506
5.460021358753899,23.712092758016933
6.9264270951049465,27.268906671719474
-0.43680170870031193,31.07532156182219
-1.7472068348012477,8.112031733005793
-4.867219039803476,10.296040276507352
-6.177624165904412,10.982442961607843
-8.673633929906194,13.94645455635996
-27.61210801426972,20.311279454564506
5.553621724903966,23.868093368267044
6.895226973054924,27.144106183519384
-0.1560006102501114,30.91932095157208
-1.7472068348012477,8.76723429605626
-3.9624155003528294,8.080831610955771
-27.580907892219695,20.311279454564506
6.864026851004902,26.863305085069182
-0.18720073230013368,30.82572058542201
-1.7160067127512255,8.798434418106282
-3.7752147680526957,8.424032953506016
-4.64881818545332,9.921638811907085
-5.023219650053587,10.296040276507352
-27.51850764811965,20.311279454564506
5.428821236703877,23.743292880066956
6.801626606904857,26.64490423071903
-1.684806590701203,9.016835272456438
-3.9624155003528294,8.517633319656083
-3.9624155003528294,9.921638811907085
-4.305616842903075,10.171239788307263
-5.460021358753899,10.67044174110762
-8.76723429605626,14.820057973760584
-8.580033563756126,16.473664442411764
-7.706430146355503,16.69206529676192
-27.424907281969585,20.623280675064727
6.770426484854835,26.42650337636887
2.0904081773514926,26.67610435276905
0.06240024410004456,30.607319731071858
-1.684806590701203,9.079235516556484
-5.272820626453766,10.701641863157642
-8.642433807856172,15.19445943836085
-7.612829780205437,16.660865174711898
-27.331306915819518,20.65448079711475
6.708026240754791,25.552899958968247
2.3088090317016485,26.92570532916923
-0.1560006102501114,30.981721195672126
-1.77840695685127,9.484837103206774
-5.210420382353721,11.23204393800802
-7.176028071505124,11.7624460128584
-8.392832831455994,15.256859682460895
-7.425629047905303,16.660865174711898
-8.143231855055815,16.879266029062055
-27.39370715991956,18.782473474113413
-27.268906671719474,20.748081163264818
6.676826118704768,25.490499714868204
0.8424032953506015,29.296914604970922
-0.4680018307503342,30.700920097221925
0.1560006102501114,32.10492558947293
